Start_Time,End_Time,F0_Hz
2.48,2.49,210.67220719096719
0.09,0.1,192.07458901020084
2.03,2.04,213.12010032569688
2.4,2.41,215.59643660857103
1.22,1.23,200.0
1.92,1.93,225.79288096122622
2.15,2.16,210.67220719096719
2.45,2.46,215.59643660857103
1.41,1.42,0.0
1.72,1.73,190.9683207820833
1.73,1.74,188.7748625363387
1.36,1.37,197.70280407057922
1.74,1.75,186.60659830736148
1.75,1.76,190.9683207820833
3.04,3.05,0.0
1.33,1.34,198.8480847635095
1.84,1.85,211.89261887185907
1.66,1.67,192.07458901020084
1.23,1.24,200.0
0.2,0.21,186.60659830736148
2.49,2.5,208.25243050696125
2.34,2.35,211.89261887185907
1.0,1.01,236.47155720542963
0.64,0.65,227.10088581417543
0.26,0.27,188.7748625363387
1.4,1.41,0.0
2.5,2.51,207.05298476827548
1.04,1.05,214.35469250725862
1.19,1.2,205.86044732869837
0.94,0.95,219.36499593892518
1.03,1.04,223.1994285260446
2.99,3.0,0.0
0.16,0.17,187.68759933422865
0.7,0.71,219.36499593892518
0.6,0.61,229.73967099940702
1.49,1.5,197.70280407057922
1.42,1.43,196.56411970905023
2.68,2.69,0.0
1.45,1.46,197.70280407057922
2.97,2.98,0.0
1.43,1.44,197.70280407057922
1.5,1.51,197.70280407057922
1.56,1.57,195.43199368684918
0.85,0.86,0.0
0.39,0.4,209.4588245641254
1.13,1.14,208.25243050696125
2.83,2.84,0.0
0.13,0.14,189.86842419010387
0.77,0.78,208.25243050696125
0.27,0.28,188.7748625363387
2.65,2.66,209.4588245641254
2.18,2.19,202.3238880603845
2.17,2.18,204.67477839935495
3.03,3.04,0.0
2.56,2.57,210.67220719096719
0.07,0.08,196.56411970905023
1.2,1.21,205.86044732869837
2.24,2.25,201.15858821357068
1.51,1.52,197.70280407057922
2.16,2.17,208.25243050696125
0.08,0.09,194.30638823072118
0.23,0.24,188.7748625363387
0.11,0.12,190.9683207820833
1.12,1.13,208.25243050696125
0.91,0.92,0.0
2.1,2.11,213.12010032569688
1.95,1.96,218.10154653305153
2.51,2.52,208.25243050696125
3.0,3.01,0.0
0.41,0.42,215.59643660857103
0.14,0.15,188.7748625363387
0.37,0.38,198.8480847635095
2.67,2.68,0.0
1.29,1.3,201.15858821357068
2.3,2.31,207.05298476827548
0.57,0.58,229.73967099940702
2.78,2.79,0.0
0.72,0.73,223.1994285260446
2.14,2.15,210.67220719096719
2.33,2.34,211.89261887185907
2.08,2.09,216.8453740602837
1.9,1.91,223.1994285260446
2.28,2.29,200.0
2.47,2.48,213.12010032569688
2.21,2.22,197.70280407057922
0.55,0.56,231.07053937445463
0.66,0.67,224.49240966187455
1.46,1.47,198.8480847635095
0.29,0.3,189.86842419010387
1.81,1.82,210.67220719096719
1.26,1.27,200.0
2.27,2.28,200.0
0.68,0.69,216.8453740602837
0.93,0.94,220.63576443274928
0.35,0.36,201.15858821357068
2.06,2.07,218.10154653305153
0.74,0.75,219.36499593892518
2.62,2.63,209.4588245641254
2.89,2.9,0.0
0.89,0.9,0.0
2.73,2.74,0.0
1.97,1.98,210.67220719096719
1.16,1.17,198.8480847635095
1.25,1.26,200.0
0.0,0.01,218.10154653305153
1.94,1.95,220.63576443274928
1.08,1.09,202.3238880603845
1.86,1.87,213.12010032569688
2.7,2.71,0.0
1.35,1.36,197.70280407057922
0.31,0.32,190.9683207820833
2.75,2.76,0.0
1.11,1.12,208.25243050696125
0.63,0.64,227.10088581417543
0.21,0.22,187.68759933422865
2.2,2.21,198.8480847635095
2.72,2.73,0.0
0.96,0.97,227.10088581417543
0.06,0.07,197.70280407057922
0.69,0.7,216.8453740602837
2.26,2.27,201.15858821357068
1.88,1.89,218.10154653305153
2.79,2.8,0.0
1.21,1.22,202.3238880603845
2.09,2.1,214.35469250725862
1.17,1.18,210.67220719096719
1.48,1.49,197.70280407057922
0.47,0.48,228.41646786215435
0.46,0.47,228.41646786215435
2.92,2.93,0.0
2.98,2.99,0.0
1.15,1.16,208.25243050696125
0.78,0.79,205.86044732869837
2.25,2.26,201.15858821357068
1.59,1.6,192.07458901020084
1.18,1.19,207.05298476827548
0.75,0.76,214.35469250725862
1.7,1.71,192.07458901020084
0.15,0.16,188.7748625363387
0.5,0.51,229.73967099940702
0.71,0.72,221.91389441356898
2.61,2.62,209.4588245641254
0.98,0.99,235.10958125672175
2.38,2.39,211.89261887185907
0.1,0.11,190.9683207820833
2.53,2.54,211.89261887185907
0.34,0.35,198.8480847635095
3.01,3.02,0.0
2.76,2.77,0.0
1.01,1.02,236.47155720542963
0.25,0.26,188.7748625363387
0.33,0.34,197.70280407057922
1.32,1.33,200.0
